thread_count,variant,measured_time_s,measured_speedup,measured_efficiency
1,parallel_for,6.5231894640,1.00,1.00
1,tasks,6.4064140914,1.00,1.00
16,parallel_for,0.4221987183,15.45,0.97
16,tasks,0.4217711150,15.19,0.95
64,parallel_for,0.1188900929,54.87,0.86
64,tasks,0.1318884648,48.57,0.76
128,parallel_for,0.0755657109,86.33,0.67
128,tasks,0.0801880817,79.89,0.62
